antecedent,consequent,support,confidence,lift,antecedent_support,consequent_support
Contract=Month-to-month & InternetService=Fiber optic,Churn=Yes,0.165,0.5461,2.0577,0.3021,0.2654
OnlineBackup=No & PaymentMethod=Electronic check,Churn=Yes,0.1093,0.5392,2.0319,0.2028,0.2654
Contract=Month-to-month & PaymentMethod=Electronic check,Churn=Yes,0.1411,0.5373,2.0247,0.2627,0.2654
InternetService=Fiber optic & PaymentMethod=Electronic check,Churn=Yes,0.1205,0.5323,2.0058,0.2265,0.2654
PaymentMethod=Electronic check & TechSupport=No,Churn=Yes,0.1306,0.5318,2.004,0.2456,0.2654
OnlineSecurity=No & PaymentMethod=Electronic check,Churn=Yes,0.1309,0.5317,2.0037,0.2462,0.2654
DeviceProtection=No & PaymentMethod=Electronic check,Churn=Yes,0.1061,0.5206,1.9616,0.2037,0.2654
Contract=Month-to-month & OnlineSecurity=No,Churn=Yes,0.1907,0.5105,1.9236,0.3736,0.2654
InternetService=Fiber optic & OnlineBackup=No,Churn=Yes,0.1264,0.5077,1.9132,0.2489,0.2654
Contract=Month-to-month & StreamingTV=Yes,Churn=Yes,0.0933,0.5062,1.9074,0.1843,0.2654
Contract=Month-to-month & TechSupport=No,Churn=Yes,0.1917,0.5037,1.8982,0.3805,0.2654
Contract=Month-to-month & OnlineBackup=No,Churn=Yes,0.1634,0.5031,1.8957,0.3249,0.2654
Contract=Month-to-month & StreamingMovies=Yes,Churn=Yes,0.0931,0.5031,1.8957,0.1851,0.2654
DeviceProtection=No & InternetService=Fiber optic,Churn=Yes,0.1234,0.4997,1.8831,0.2469,0.2654
PaperlessBilling=Yes & PaymentMethod=Electronic check,Churn=Yes,0.1231,0.4977,1.8755,0.2473,0.2654
PaymentMethod=Electronic check & StreamingMovies=No,Churn=Yes,0.0775,0.4955,1.8671,0.1565,0.2654
InternetService=Fiber optic & TechSupport=No,Churn=Yes,0.1563,0.4937,1.8605,0.3166,0.2654
InternetService=Fiber optic & OnlineSecurity=No,Churn=Yes,0.1582,0.4936,1.86,0.3205,0.2654
OnlineSecurity=No & TechSupport=No,Churn=Yes,0.1775,0.4896,1.845,0.3625,0.2654
PaymentMethod=Electronic check & StreamingTV=No,Churn=Yes,0.0764,0.4891,1.8431,0.1562,0.2654
Contract=Month-to-month & MultipleLines=Yes,Churn=Yes,0.1025,0.4872,1.8359,0.2104,0.2654
Contract=Month-to-month & PaperlessBilling=Yes,Churn=Yes,0.1773,0.483,1.82,0.3672,0.2654
OnlineBackup=No & OnlineSecurity=No,Churn=Yes,0.1501,0.4815,1.8146,0.3117,0.2654
OnlineBackup=No & TechSupport=No,Churn=Yes,0.1489,0.4777,1.8001,0.3118,0.2654
Contract=Month-to-month & DeviceProtection=No,Churn=Yes,0.1617,0.4758,1.7929,0.3399,0.2654
DeviceProtection=No & OnlineSecurity=No,Churn=Yes,0.1461,0.4705,1.773,0.3105,0.2654
MultipleLines=Yes & PaymentMethod=Electronic check,Churn=Yes,0.075,0.4652,1.753,0.1612,0.2654
DeviceProtection=No & TechSupport=No,Churn=Yes,0.1488,0.4637,1.7474,0.3209,0.2654
PaperlessBilling=Yes & TechSupport=No,Churn=Yes,0.161,0.4619,1.7406,0.3486,0.2654
DeviceProtection=No & OnlineBackup=No,Churn=Yes,0.1293,0.4592,1.7303,0.2817,0.2654
InternetService=Fiber optic & StreamingMovies=No,Churn=Yes,0.0875,0.458,1.7259,0.191,0.2654
InternetService=Fiber optic & MultipleLines=No,Churn=Yes,0.0753,0.4577,1.7247,0.1644,0.2654
OnlineSecurity=No & PaperlessBilling=Yes,Churn=Yes,0.1641,0.456,1.7184,0.3599,0.2654
PaymentMethod=Electronic check & PhoneService=Yes,Churn=Yes,0.1384,0.4558,1.7177,0.3037,0.2654
InternetService=Fiber optic & StreamingTV=No,Churn=Yes,0.0866,0.4532,1.7078,0.1911,0.2654
PaymentMethod=Electronic check & StreamingTV=Yes,Churn=Yes,0.0735,0.4532,1.7078,0.1623,0.2654
PaymentMethod=Electronic check,Churn=Yes,0.1521,0.4529,1.7065,0.3358,0.2654
OnlineBackup=No & PaperlessBilling=Yes,Churn=Yes,0.1333,0.4519,1.7028,0.295,0.2654
PaymentMethod=Electronic check & StreamingMovies=Yes,Churn=Yes,0.0724,0.447,1.6844,0.162,0.2654
InternetService=Fiber optic & PaperlessBilling=Yes,Churn=Yes,0.1516,0.4459,1.6804,0.3401,0.2654
MultipleLines=No & PaymentMethod=Electronic check,Churn=Yes,0.0635,0.4452,1.6777,0.1426,0.2654
Contract=Month-to-month & StreamingMovies=No,Churn=Yes,0.1278,0.4397,1.6568,0.2906,0.2654
Contract=Month-to-month & StreamingTV=No,Churn=Yes,0.1276,0.4379,1.6501,0.2915,0.2654
DeviceProtection=No & PaperlessBilling=Yes,Churn=Yes,0.1316,0.4373,1.6478,0.301,0.2654
Contract=Month-to-month & DeviceProtection=Yes,Churn=Yes,0.0592,0.4357,1.642,0.1359,0.2654
OnlineSecurity=No & StreamingTV=No,Churn=Yes,0.1133,0.4337,1.6343,0.2613,0.2654
OnlineSecurity=No & StreamingMovies=No,Churn=Yes,0.1122,0.4293,1.6179,0.2613,0.2654
Contract=Month-to-month & PhoneService=Yes,Churn=Yes,0.2133,0.4293,1.6176,0.4968,0.2654
MultipleLines=Yes & OnlineSecurity=No,Churn=Yes,0.0988,0.4288,1.616,0.2304,0.2654
MultipleLines=Yes & TechSupport=No,Churn=Yes,0.0975,0.4272,1.61,0.2283,0.2654
Contract=Month-to-month,Churn=Yes,0.235,0.4271,1.6094,0.5502,0.2654
OnlineSecurity=No & PhoneService=Yes,Churn=Yes,0.1874,0.4259,1.6051,0.44,0.2654
StreamingMovies=Yes & TechSupport=No,Churn=Yes,0.0906,0.4242,1.5985,0.2135,0.2654
MultipleLines=Yes & OnlineBackup=No,Churn=Yes,0.0764,0.4236,1.5963,0.1803,0.2654
PhoneService=Yes & TechSupport=No,Churn=Yes,0.1851,0.4234,1.5954,0.4373,0.2654
MultipleLines=No & OnlineSecurity=No,Churn=Yes,0.0886,0.4228,1.5931,0.2096,0.2654
StreamingTV=Yes & TechSupport=No,Churn=Yes,0.0887,0.4197,1.5817,0.2114,0.2654
MultipleLines=No & TechSupport=No,Churn=Yes,0.0876,0.4192,1.5795,0.209,0.2654
InternetService=Fiber optic,Churn=Yes,0.1842,0.4189,1.5787,0.4396,0.2654
InternetService=Fiber optic & PhoneService=Yes,Churn=Yes,0.1842,0.4189,1.5787,0.4396,0.2654
OnlineSecurity=No,Churn=Yes,0.2074,0.4177,1.5739,0.4967,0.2654
TechSupport=No,Churn=Yes,0.2053,0.4164,1.569,0.4931,0.2654
StreamingTV=No & TechSupport=No,Churn=Yes,0.1166,0.4138,1.5594,0.2817,0.2654
OnlineBackup=No & PhoneService=Yes,Churn=Yes,0.1582,0.4137,1.5588,0.3824,0.2654
StreamingMovies=No & TechSupport=No,Churn=Yes,0.1147,0.4104,1.5464,0.2796,0.2654
DeviceProtection=No & MultipleLines=Yes,Churn=Yes,0.0738,0.4078,1.5369,0.181,0.2654
MultipleLines=No & OnlineBackup=No,Churn=Yes,0.0818,0.4048,1.5253,0.202,0.2654
OnlineSecurity=No & StreamingMovies=Yes,Churn=Yes,0.0953,0.4047,1.5251,0.2354,0.2654
OnlineBackup=No & StreamingMovies=No,Churn=Yes,0.1001,0.4038,1.5216,0.2479,0.2654
DeviceProtection=No & StreamingMovies=Yes,Churn=Yes,0.0652,0.4037,1.5213,0.1614,0.2654
DeviceProtection=No & PhoneService=Yes,Churn=Yes,0.1548,0.401,1.5112,0.3859,0.2654
DeviceProtection=No & StreamingTV=Yes,Churn=Yes,0.0649,0.4009,1.5106,0.1619,0.2654
OnlineBackup=No & StreamingTV=No,Churn=Yes,0.101,0.4008,1.5103,0.2519,0.2654
OnlineSecurity=No & StreamingTV=Yes,Churn=Yes,0.0941,0.3999,1.5069,0.2354,0.2654
OnlineBackup=No,Churn=Yes,0.1751,0.3993,1.5046,0.4384,0.2654
OnlineBackup=No & StreamingTV=Yes,Churn=Yes,0.0741,0.3973,1.497,0.1866,0.2654
InternetService=Fiber optic & MultipleLines=Yes,Churn=Yes,0.1089,0.3958,1.4914,0.2752,0.2654
DeviceProtection=No & MultipleLines=No,Churn=Yes,0.0809,0.395,1.4885,0.2049,0.2654
PaperlessBilling=Yes & StreamingMovies=No,Churn=Yes,0.0978,0.3937,1.4836,0.2485,0.2654
OnlineBackup=No & StreamingMovies=Yes,Churn=Yes,0.075,0.3934,1.4826,0.1905,0.2654
PaperlessBilling=Yes & StreamingTV=No,Churn=Yes,0.0974,0.3931,1.4814,0.2478,0.2654
InternetService=Fiber optic & StreamingTV=Yes,Churn=Yes,0.0975,0.3926,1.4793,0.2485,0.2654
DeviceProtection=No,Churn=Yes,0.1719,0.3913,1.4745,0.4394,0.2654
InternetService=Fiber optic & StreamingMovies=Yes,Churn=Yes,0.0967,0.3889,1.4656,0.2486,0.2654
Contract=Month-to-month & MultipleLines=No,Churn=Yes,0.1107,0.3867,1.4573,0.2864,0.2654
DeviceProtection=No & StreamingTV=No,Churn=Yes,0.1071,0.3857,1.4534,0.2776,0.2654
DeviceProtection=No & StreamingMovies=No,Churn=Yes,0.1068,0.3841,1.4473,0.278,0.2654
Contract=Month-to-month & OnlineBackup=Yes,Churn=Yes,0.0575,0.381,1.4357,0.1509,0.2654
MultipleLines=No & StreamingMovies=No,Churn=Yes,0.07,0.3617,1.363,0.1935,0.2654
